<?xml version="1.0" encoding="iso-8859-1" standalone="no" ?>
<vehicle type="combine">
	<annotation>Copyright (C) GIANTS Software GmbH, All Rights Reserved.</annotation>
    <name>Bizon Rekord Z058</name>
    <description>A newer and more effecient model produced by FMZ from 1976-2004</description>
    <filename>BizonRekordZ058.i3d</filename>
    <size width="4.0" length="9.0" />
    <wheels autoRotateBackSpeed="2.0">
        <wheel rotSpeed="-40" rotMax="26" rotMin="-26" driveMode="2" repr="0>5" driveNode="0>5|1" radius="1.0" deltaY="0.1" suspTravel="0.1" spring="900" damper="0" mass="0.3" />
        <wheel rotSpeed="-40" rotMax="26" rotMin="-26" driveMode="2" repr="0>6" driveNode="0>6|1" radius="1.0" deltaY="0.1" suspTravel="0.1" spring="900" damper="0" mass="0.3" />
        <wheel rotSpeed="0" driveMode="1" repr="1>10" radius="0.88" deltaY="0.1" suspTravel="0.1" spring="2000" damper="0" mass="0.4" />
        <wheel rotSpeed="0" driveMode="1" repr="1>11" radius="0.88" deltaY="0.1" suspTravel="0.1" spring="2000" damper="0" mass="0.4" />
    </wheels>
    <motor minRpm="630" maxRpm="630 1400 2200 2600" brakeForce="7" forwardGearRatio="4.9" backwardGearRatio="3.0" differentialRatio="4.7" rpmFadeOutRange="10">
        <torque rpm="630" torque="2.0"/>
        <torque rpm="1000" torque="2.6"/>
        <torque rpm="1400" torque="3.5"/>
		<torque rpm="2200" torque="4.1"/>
        <torque rpm="2600" torque="4.6"/>
    </motor>
    <fuelCapacity>240</fuelCapacity>
    <fuelUsage>0.006</fuelUsage>
    <downForce>5</downForce>
    <cameras count="2">
        <camera1 index="1>14|0" rotatable="true" rotateNode="1>14" limit="true" rotMinX="-3.1" rotMaxX="50" transMin="7" transMax="40" />
        <camera2 index="1>15" rotatable="true" rotateNode="1>15" limit="false" rotMinX="0" rotMaxX="0" transMin="0" transMax="0" />
	</cameras>
	<lights count="1">
        <light1 index="1>17" />
    </lights>
	<!--<extra_lights>
      <rear index="18"/>
    </extra_lights>-->
    <steering index="1>2" rotationSpeed="7"/>
    <attacherJoints>
        <attacherJoint jointType="cutter" index="1>13|1|0" rotationNode="1>13" maxRot="-17.51311 0 0" rotationNode2="1>13|2" maxRot2="0 0 0" moveTime="2.5" />
		<trailerAttacherJoint index="1>20" />
    </attacherJoints>
    
    <enterReferenceNode index="1>" />
    <exitPoint index="1>4" />
	<characterNode index="1>16" cameraMinDistance="1.5" />
    
    <threshingStartSound file="treshingstart.wav" pitchOffset="1" pitchScale="0.01" pitchMax="2" />
    <threshingSound file="treshing.wav" pitchOffset="1" pitchScale="0.01" pitchMax="3" />
	<threshingStopSound file="treshingstop.wav" pitchOffset="1" pitchScale="0.001" pitchMax="2" />
    <attachSound file="$data/vehicles/steerable/fendt/attach.wav" pitchOffset="1" />
    <motorStartSound file="start.wav" pitchOffset="0.6" />
    <motorStopSound file="stop.wav" pitchOffset="1" />
    <motorSound file="engine.wav" pitchOffset="1" pitchScale="0.02" pitchMax="1.2" />
    <aiMotorSound file="aiengine.wav" pitchOffset="1" radius="300" innerRadius="2" volume="4.5" />  
    <aiTreshingSound file="aitreshing.wav" pitchOffset="1" radius="300" innerRadius="2" volume="5.0" />  

    <pipe index="1>3" />
    <!--pipeLight index="12|0" /-->
    <exhaustParticleSystems count="1">
    <exhaustParticleSystem1 position="1.32283 1.47653 -1.44595" rotation="50.452 0 0" file="$data/vehicles/particleSystems/exhaustParticleSystem.i3d" />
    </exhaustParticleSystems>    
    
    <pipeParticleSystems>
        <pipeParticleSystem type="wheat" position="0 -1.36713 -4.75994" rotation="0 0 0" file="$data/vehicles/particleSystems/wheatParticleSystem.i3d" />
        <pipeParticleSystem type="barley" position="0 -1.36713 -4.75994" rotation="0 0 0" file="$data/vehicles/particleSystems/wheatParticleSystem.i3d" />
        <pipeParticleSystem type="rape" position="0 -1.36713 -4.75994" rotation="0 0 0" file="$data/vehicles/particleSystems/wheatParticleSystem.i3d" />
        <pipeParticleSystem type="maize" position="0 -1.36713 -4.75994" rotation="0 0 0" file="$data/vehicles/particleSystems/wheatParticleSystem.i3d" />
    </pipeParticleSystems>
    
    <chopperParticleSystems>
        <chopperParticleSystem type="rape" position="0 0.05845 -3.48311" rotation="0 0 0" file="$data/vehicles/particleSystems/threshingChopperParticleSystemRape.i3d" />
        <chopperParticleSystem type="maize" position="0 0.05845 -3.48311" rotation="0 0 0" file="$data/vehicles/particleSystems/threshingChopperParticleSystemMaize.i3d" />
    </chopperParticleSystems>
    
    <strawParticleSystems>
        <strawParticleSystem type="wheat" position="0 0.05845 -3.48311" rotation="0 0 0" file="$data/vehicles/particleSystems/threshingStrawParticleSystem.i3d" />
        <strawParticleSystem type="barley" position="0 0.05845 -3.48311" rotation="0 0 0" file="$data/vehicles/particleSystems/threshingStrawParticleSystem.i3d" />
    </strawParticleSystems>   
    
    <grainTankCapacity>3500</grainTankCapacity>
    <grainTankUnloadingCapacity>95</grainTankUnloadingCapacity>
    <grainTankFruitTypes fruitTypes="wheat rape maize barley" />
    <combineSize>2.5</combineSize>
    <strawAreas count="1">
        <strawArea1 startIndex="1>9|2" widthIndex="1>9|1" heightIndex="1>9|0" />
    </strawAreas>
	<cuttingAreas count="1">
        <cuttingArea1 startIndex="1>7|1" widthIndex="1>7|0" heightIndex="1>7|2"/>
    </cuttingAreas>
    <aiTrailerTrigger index="1>19|0" />
    <aiTrafficCollisionTrigger index="1>19|1" />
    <components count="2">
        <component1 centerOfMass="0 -1 0" solverIterationCount="4" />
		<component2 centerOfMass="0 0 0" solverIterationCount="4" />
		<joint component1="0" component2="1" index="0>4" rotLimit="10 0 0" transLimit="0 0 0" rotLimitSpring="0 0 4000" rotLimitDamping="75 0 0"/>
    </components>

	<!--<grainTankPlane minMaxY="-3.10888 -2.50705" >
        <node type="wheat" index="11|2" />
        <node type="maize" index="11|0" />
        <node type="rape" index="11|1" />
    </grainTankPlane>-->
	
	
</vehicle>