<?xml version="1.0" encoding="iso-8859-1" standalone="no" ?>
<modDesc descVersion="1">
    <author>kippari2</author>
    <version>1.0</version>
    
	<storeItems>
        <storeItem>
            <en>
                <name>Bizon Rekord Z058</name>
                <description>
<![CDATA[A newer and more effecient model produced by FMZ from 1976-2004]]>
                </description>
            </en>
            <de>
                <name>Bizon Rekord Z058</name>
                <description>
<![CDATA[A newer and more effecient model produced by FMZ from 1976-2004]]>
                </description>
            </de>
            <rotation>0</rotation>
            <image active="store.png"/>
            <price>25000</price>
            <xmlFilename>BizonRekordZ058.xml</xmlFilename>
        </storeItem>
    </storeItems>
</modDesc>
