<?xml version="1.0" encoding="iso-8859-1" standalone="no" ?>
<modDesc descVersion="1">
    <author>kippari2</author>
    <version>1.0</version>
	<specializations>
		<!--<specialization name="Sampo10" className="Sampo10" filename="Sampo10.lua"/>-->
		<!--<specialization name="Sampo10Cutter" className="Sampo10Cutter" filename="Sampo10Cutter.lua"/>-->
		<specialization name="aiCombineNightlight" className="aiCombineNightlight" filename="aiCombineNightlight.lua"/>
		<!--<specialization name="Autopilot" className="Autopilot" filename="Autopilot.lua"/>-->
	</specializations>
	<vehicleTypes>
		<type name="Sampo10" className="Vehicle" filename="$dataS/scripts/vehicles/Vehicle.lua">
			<specialization name="motorized"/>
			<specialization name="steerable"/>
			<specialization name="combine"/>
			<specialization name="hirable"/>
			<specialization name="aiCombine"/>
			<specialization name="aiCombineNightlight"/>
			<!--<specialization name="Autopilot"/>-->
		</type>
		<type name="Sampo10Cutter" className="Vehicle" filename="$dataS/scripts/vehicles/Vehicle.lua">
			<specialization name="attachable"/>
			<specialization name="cutter"/>
			<!--<specialization name="Sampo10Cutter"/>-->
		</type>
	</vehicleTypes>
    <storeItems>
        <storeItem>
            <en>
                <name>Sampo Rosenlew 10</name>
                <description>
					<![CDATA[
					Produced at Porin Konepaja and sold by SMK between 1965-69
					Bagger addition & straw chopper coming soon]]>
                </description>
            </en>
            <de>
                <name>Sampo Rosenlew 10</name>
                <description>
					<![CDATA[ 
					Produced at Porin Konepaja and sold by SMK between 1965-69
					Bagger addition & straw chopper coming soon]]>
                </description>
            </de>
            <rotation>0</rotation>
            <image active="store.png"/>
            <price>10</price>
            <xmlFilename>SampoRosenlew10.xml</xmlFilename>
        </storeItem>
		<storeItem>
            <en>
                <name>Sampo Rosenlew 10 Cutter</name>
                <description>
					<![CDATA[
					A header for Sampo 10
					Cutting width: 2.13m]]>
                </description>
            </en>
            <de>
                <name>Sampo Rosenlew 10 Cutter</name>
                <description>
					<![CDATA[ 
					A header for Sampo 10
					Cutting width: 2.13m]]>
                </description>
            </de>
            <rotation>0</rotation>
            <image active="cutterstore.png"/>
            <price>10</price>
            <xmlFilename>SampoRosenlew10Cutter.xml</xmlFilename>
        </storeItem>
    </storeItems>
</modDesc>