<?xml version="1.0" encoding="iso-8859-1" standalone="no" ?>
<vehicle type="Sampo10">
	<annotation>Copyright (C) kippari2 (KLS mods), All Rights Reserved.</annotation>
    <name>Sampo Rosenlew 10</name>
    <description>Sampo 10 is a Finnish combine</description>
    <filename>SampoRosenlew10.i3d</filename>
	<grainTankCapacity>1200</grainTankCapacity>
    <grainTankUnloadingCapacity>30</grainTankUnloadingCapacity>
    <grainTankFruitTypes fruitTypes="wheat maize rape barley" />
    <combineSize>2</combineSize>
	<fuelCapacity>90</fuelCapacity>
    <fuelUsage>0.0002</fuelUsage>
    <downForce>9</downForce>
    <size width="4.0" length="9.0" />
	
    <wheels autoRotateBackSpeed="2.0">
        <wheel rotSpeed="-40" rotMax="33" rotMin="-33" driveMode="2" repr="11" driveNode="11|0" radius="0.44" deltaY="0.1" suspTravel="0.1" spring="8000" damper="0" mass="0.4" />
        <wheel rotSpeed="-40" rotMax="33" rotMin="-33" driveMode="2" repr="14" driveNode="14|0" radius="0.44" deltaY="0.1" suspTravel="0.1" spring="8000" damper="0" mass="0.4" />
        <wheel rotSpeed="0" driveMode="1" repr="15" radius="0.6" deltaY="0.1" suspTravel="0.1" spring="2000" damper="0" mass="0.4" />
        <wheel rotSpeed="0" driveMode="1" repr="16" radius="0.6" deltaY="0.1" suspTravel="0.1" spring="2000" damper="0" mass="0.4" />
    </wheels>
	
    <motor minRpm="630" maxRpm="630 1400 2200 2600" brakeForce="7" forwardGearRatio="3.2" backwardGearRatio="2.8" differentialRatio="4.7" rpmFadeOutRange="10">
        <torque rpm="630" torque="2.0"/>
        <torque rpm="1000" torque="2.6"/>
        <torque rpm="1400" torque="2.9"/>
		<torque rpm="2200" torque="3.3"/>
        <torque rpm="2600" torque="3.8"/>
    </motor>

    <cameras count="2">
        <camera1 index="18|0" rotatable="true" rotateNode="18" limit="true" rotMinX="-1.4" rotMaxX="0" transMin="7" transMax="40" />
        <camera2 index="19" rotatable="true" rotateNode="19" limit="false" rotMinX="0" rotMaxX="0" transMin="0" transMax="0" />
	</cameras>
	<lights count="1">
        <light1 index="3" />
    </lights>
	<!--<extra_lights>
      <rear index="18"/>
    </extra_lights>-->
    <steering index="10|0" rotationSpeed="7"/>
    <attacherJoints>
        <attacherJoint jointType="cutter" index="6|0|0" rotationNode="6" maxRot="28.31 0 0" rotationNode2="6|0" maxRot2="0 0 0" moveTime="2.5" />
    </attacherJoints>
    
    <enterReferenceNode index="0>" />
    <exitPoint index="5" />
	<characterNode index="0" cameraMinDistance="1.5" />
    
    <threshingStartSound file="threshingstart.wav" pitchOffset="1" pitchScale="0.01" pitchMax="2" />
    <threshingSound file="threshing.wav" pitchOffset="1" pitchScale="0.01" pitchMax="3" />
	<!--<threshingStopSound file="treshingstop.wav" pitchOffset="1" pitchScale="0.001" pitchMax="2" />-->
    <attachSound file="data/vehicles/steerable/fendt/attach.wav" pitchOffset="1" />
    <motorStartSound file="start.wav" pitchOffset="1" volume="8.5"/>
    <motorStopSound file="stop.wav" pitchOffset="1" volume="8.5"/>
    <motorSound file="engine.wav" pitchOffset="1" pitchScale="0.02" pitchMax="1.2" volume="8.5"/>
    <aiMotorSound file="aiengine.wav" pitchOffset="1" radius="300" innerRadius="2" volume="8.0" />  
    <aiTreshingSound file="aithreshing.wav" pitchOffset="1" radius="300" innerRadius="2" volume="5.0" />  

    <pipe index="17" />
    <!--pipeLight index="12|0" /-->

    <exhaustParticleSystems count="1">
    <exhaustParticleSystem1 position="-0.71685 0.80511 -0.71208" rotation="-90 50.5053 0" file="$data/vehicles/particleSystems/exhaustParticleSystem.i3d" />
    </exhaustParticleSystems>    
    
    <pipeParticleSystems>
        <pipeParticleSystem type="wheat" position="0.1 0.8 -1.9" rotation="0 0 0" file="$data/vehicles/particleSystems/wheatParticleSystemLong.i3d" />
		<pipeParticleSystem type="barley" position="0.1 0.8 -1.9" rotation="0 0 0" file="$data/vehicles/particleSystems/wheatParticleSystemLong.i3d" />
		<pipeParticleSystem type="maize" position="0.1 0.8 -1.9" rotation="0 0 0" file="$data/vehicles/particleSystems/wheatParticleSystemLong.i3d" />
		<pipeParticleSystem type="rape" position="0.1 0.8 -1.9" rotation="0 0 0" file="$data/vehicles/particleSystems/rapeParticleSystemLong.i3d" />
    </pipeParticleSystems>
    
    <chopperParticleSystems>
        <chopperParticleSystem type="rape" position="0 -1.0 -2.8" rotation="-83 0 0" file="$data/vehicles/particleSystems/threshingStrawParticleSystemSmall.i3d" />
        <chopperParticleSystem type="maize" position="0 -1.0 -2.8" rotation="-83 0 0" file="$data/vehicles/particleSystems/threshingStrawParticleSystemSmall.i3d" />
    </chopperParticleSystems>
    
    <strawParticleSystems>
        <strawParticleSystem type="wheat" position="0 -1.0 -2.8" rotation="-83 0 0" file="$data/vehicles/particleSystems/threshingStrawParticleSystemSmall.i3d" />
        <strawParticleSystem type="barley" position="0 -1.0 -2.8" rotation="-83 0 0" file="$data/vehicles/particleSystems/threshingStrawParticleSystemSmall.i3d" />
    </strawParticleSystems>   

    <strawAreas count="1">
        <strawArea1 startIndex="7|2" widthIndex="7|1" heightIndex="7|0" />
    </strawAreas>
	<cuttingAreas count="1">
        <cuttingArea1 startIndex="9|2" widthIndex="9|1" heightIndex="9|0"/>
    </cuttingAreas>
    <aiTrailerTrigger index="20" />
    <aiTrafficCollisionTrigger index="21" />
    <components count="1">
        <component1 centerOfMass="0 -1.3 0" solverIterationCount="4" />
    </components>

	<!--<grainTankPlane minMaxY="0 -2.21569" >
        <node type="wheat" index="22|2" />
        <node type="maize" index="22|0" />
        <node type="rape" index="22|1" />
		<key time="0" y="0.07395" scale="1.65 0.04 0.795"/>
    </grainTankPlane>-->

</vehicle>