<?xml version="1.0" encoding="iso-8859-1" standalone="no" ?>
<vehicle type="Fendt926">
	<annotation>Copyright (C) James08, Arnold, sk8mike, Agrotron130, sven18koehler, templaer, GeneralX, yekk1.</annotation>
    <name>
        <en>Zetor crystal 16045 dw</en>
        <de>Zetor crystal 16045 dw</de>
    </name>
    <description></description>
    <filename>crystal16045.i3d</filename>
    <wheels autoRotateBackSpeed="2.5">
        <wheel rotSpeed="45" rotMax="34" rotMin="-34" driveMode="2" repr="0" driveNode="0|1" radius="0.9" deltaY="0.1" suspTravel="0.2" spring="180" damper="2" mass="0.2" lateralStiffness="20" />
        <wheel rotSpeed="45" rotMax="34" rotMin="-34" driveMode="2" repr="1" driveNode="1|1" radius="0.9" deltaY="0.1" suspTravel="0.2" spring="180" damper="2" mass="0.2" lateralStiffness="20" />
        <wheel rotSpeed="0" driveMode="1" repr="2" radius="1" deltaY="0.1" suspTravel="0.2" spring="180" damper="2" mass="0.3" lateralStiffness="20" />
        <wheel rotSpeed="0" driveMode="1" repr="3" radius="1" deltaY="0.1" suspTravel="0.2" spring="180" damper="2" mass="0.3" lateralStiffness="20" />
    </wheels>
    <motor minRpm="300" maxRpm="650 1000 2000" brakeForce="4" forwardGearRatio="2.5" backwardGearRatio="2.1" differentialRatio="4.0" rpmFadeOutRange="20">
		    <torque rpm="100"  torque="3"/>   
                    <torque rpm="200"  torque="2.6"/>   
                    <torque rpm="300"  torque="2.7"/>   
                    <torque rpm="400"  torque="2.8"/>   
                    <torque rpm="500"  torque="2.9"/>   
                    <torque rpm="600"  torque="3.1"/>   
                    <torque rpm="700"  torque="3.3"/>   
                    <torque rpm="800"  torque="3.4"/>   
                    <torque rpm="900"  torque="3.5"/>   
                    <torque rpm="1000" torque="4.8"/>   
                    <torque rpm="1100" torque="5.3"/>   
                    <torque rpm="1200" torque="5.9"/>   
                    <torque rpm="1300" torque="7.3"/>   
                    <torque rpm="1400" torque="7.1"/>   
                    <torque rpm="1500" torque="6.5"/>   
                    <torque rpm="1600" torque="6.3"/>   
                    <torque rpm="1700" torque="5.9"/>   
                    <torque rpm="1800" torque="5.5"/>   
                    <torque rpm="1900" torque="4.7"/>   
                    <torque rpm="2000" torque="4.7"/>   
                    <torque rpm="2050" torque="4.5"/>    
		</motor>
    <fuelCapacity>451</fuelCapacity>
    <fuelUsage>0.0005</fuelUsage>
    <downForce>4</downForce>
    <cameras count="2">
        <camera1 index="4|0" rotatable="true" rotateNode="4" limit="true" rotMinX="-1.4" rotMaxX="0" transMin="4" transMax="50" />
        <camera2 index="5" rotatable="true" limit="false" rotMinX="0" rotMaxX="0" transMin="0" transMax="0" />
    </cameras>
    <lights count="2">
        <light1 index="30" />
        <light2 index="39" />
    </lights>
    <steering index="18|0" rotationSpeed="6"/>
    <cuttingAreas count="0">
        <cuttingArea1 startIndex="6" widthIndex="7" heightIndex="8" losing="true"/>
    </cuttingAreas>
    <enterReferenceNode index="0>" />
    <exitPoint index="9" />
    <size width="3.8" length="7.5" lengthOffset="-0.2"/>

    <trailerAttacherJoints>
        <trailerAttacherJoint index="10" />
        <trailerAttacherJoint index="42" low="true" />
    </trailerAttacherJoints>
	
	<exhaustFlap index="27|0" />
	<frontholder index="20|4" referencePoint="17" />
	<backholder index="20|5" referencePoint="14" />
	
	<holders count="2">
        <holder1 index="20|4"/>
		<holder2 index="20|5"/>
    </holders>
	
	<worklights count="2">
		<worklight1 index="31" />
		<worklight2 index="35" />
	</worklights>
	
	<rundumleuchten>
        <rundumleuchte rotNode="28|0|0" light="28|0|0|0" lightsource="28|0|0|0|0" rotSpeed="15" emitLight="true" />
    </rundumleuchten>
	
	<drivingHydraulic count="2">
		<drivingHydraulic1 hydraulic="40" hydraulicPunch="40|0" fenderFixPoint="0|2" hydraulicPunchFixPoint="0|2|0" />
		<drivingHydraulic2 hydraulic="41" hydraulicPunch="41|0" fenderFixPoint="1|2" hydraulicPunchFixPoint="1|2|0" />
	</drivingHydraulic>
	
    <tipCamera index="11" />
    
    <attachSound file="$data/vehicles/steerable/fendt/attach.wav" pitchOffset="1" />
    <motorStartSound file="start.wav" pitchOffset="0.975" />
    <motorSound file="engine.wav" pitchOffset="0.975" pitchScale="0.03" pitchMax="1.575"/>
    <motorSoundRun file="qqq" pitchOffset="0.05" pitchScale="0.035" pitchMax="1.35" volume="3.0" />
    <motorStopSound file="fendt936out.wav" pitchOffset="0.975" />
    <compressedAirSound file="qqqqqq.wav" pitchOffset="1" volume="2.2"/>
    <compressionSound file="qqqqqq.wav" pitchOffset="1" volume="1.4"/>  
    <aiMotorSound  file="engine.wav" pitchOffset="1" radius="25" innerRadius="4" volume="1.0" />
	<honkSound file="honk.ogg" pitchOffset="0.975" volume="1.5"/>
    
    <exhaustParticleSystems count="1">
      <exhaustParticleSystem1 position="0.62654 2.46342 0.84803" rotation="0 0 -50" file="exhaustParticleSystem.i3d" />
    </exhaustParticleSystems>
    <attacherJoints>
        <attacherJoint index="12|0|0" rotationNode="12" maxRot="-14 0 0" rotationNode2="12|0" maxRot2="9 0 0" maxTransLimit="0 0.5 0" maxRotLimit="0 0 20" moveTime="1.5">
            <bottomArm rotationNode="13" translationNode="13|0" referenceNode="13|0|0" zScale="-1" />
            <topArm rotationNode="14" translationNode="14|0" referenceNode="14|0|0" zScale="-1" />
        </attacherJoint>
        <attacherJoint index="15|0|0" rotationNode="15" maxRot="0 0 0" rotationNode2="15|0" maxRot2="-7 0 0" maxTransLimit="0 0.4 0" maxRotLimit="0 0 5" moveTime="1.5">
            <bottomArm rotationNode="16" translationNode="16|0" referenceNode="16|0|0" zScale="1" />
            <topArm rotationNode="17" translationNode="17|0" referenceNode="17|0|0" zScale="1" />
        </attacherJoint>
    </attacherJoints>
    <characterNode index="37" cameraMinDistance="1.5" />
    <aiTrafficCollisionTrigger index="38" />        
    <components count="1">
        <component1 centerOfMass="0 -0.94104 0" solverIterationCount="10" />
    </components>

</vehicle>
